{"indexes":[{"v":{"$numberInt":"2"},"key":{"_id":{"$numberInt":"1"}},"name":"_id_"},{"v":{"$numberInt":"2"},"key":{"NhanVienQuanLy":{"$numberInt":"1"},"isDeleted":{"$numberInt":"1"}},"name":"NhanVienQuanLy_1_isDeleted_1","background":true},{"v":{"$numberInt":"2"},"key":{"NhanVienDuocQuanLy":{"$numberInt":"1"},"isDeleted":{"$numberInt":"1"}},"name":"NhanVienDuocQuanLy_1_isDeleted_1","background":true},{"v":{"$numberInt":"2"},"key":{"NhanVienQuanLy":{"$numberInt":"1"},"NhanVienDuocQuanLy":{"$numberInt":"1"}},"name":"NhanVienQuanLy_1_NhanVienDuocQuanLy_1","background":true,"unique":true},{"v":{"$numberInt":"2"},"key":{"LoaiQuanLy":{"$numberInt":"1"},"TrangThai":{"$numberInt":"1"},"isDeleted":{"$numberInt":"1"}},"name":"LoaiQuanLy_1_TrangThai_1_isDeleted_1","background":true},{"v":{"$numberInt":"2"},"key":{"NgayBatDau":{"$numberInt":"1"},"NgayKetThuc":{"$numberInt":"1"}},"name":"NgayBatDau_1_NgayKetThuc_1","background":true},{"v":{"$numberInt":"2"},"key":{"NhanVienQuanLy":{"$numberInt":"1"},"NhanVienDuocQuanLy":{"$numberInt":"1"},"LoaiQuanLy":{"$numberInt":"1"}},"name":"NhanVienQuanLy_1_NhanVienDuocQuanLy_1_LoaiQuanLy_1","background":true,"unique":true,"partialFilterExpression":{"isDeleted":false,"TrangThai":"HoatDong"}}],"uuid":"59340de679db4d0591808f264efd2f03","collectionName":"quanlynhanviens","type":"collection"}