{"indexes":[{"v":{"$numberInt":"2"},"key":{"_id":{"$numberInt":"1"}},"name":"_id_"},{"v":{"$numberInt":"2"},"key":{"CongViecID":{"$numberInt":"1"}},"name":"CongViecID_1","background":true},{"v":{"$numberInt":"2"},"key":{"YeuCauHoTroID":{"$numberInt":"1"}},"name":"YeuCauHoTroID_1","background":true},{"v":{"$numberInt":"2"},"key":{"NguoiTaiLenID":{"$numberInt":"1"}},"name":"NguoiTaiLenID_1","background":true},{"v":{"$numberInt":"2"},"key":{"NgayTaiLen":{"$numberInt":"-1"}},"name":"NgayTaiLen_-1","background":true},{"v":{"$numberInt":"2"},"key":{"TrangThai":{"$numberInt":"1"}},"name":"TrangThai_1","background":true},{"v":{"$numberInt":"2"},"key":{"BinhLuanID":{"$numberInt":"1"}},"name":"BinhLuanID_1","background":true},{"v":{"$numberInt":"2"},"key":{"CongViecID":{"$numberInt":"1"},"TrangThai":{"$numberInt":"1"},"NgayTaiLen":{"$numberInt":"-1"}},"name":"CongViecID_1_TrangThai_1_NgayTaiLen_-1","background":true}],"uuid":"7190ecb91b67472e8e3b1ec0d89f4f0b","collectionName":"teptin","type":"collection"}