{"indexes":[{"v":{"$numberInt":"2"},"key":{"_id":{"$numberInt":"1"}},"name":"_id_"},{"v":{"$numberInt":"2"},"key":{"TieuDe":{"$numberInt":"1"}},"name":"TieuDe_1","background":true},{"v":{"$numberInt":"2"},"key":{"NguoiGiaoViecID":{"$numberInt":"1"}},"name":"NguoiGiaoViecID_1","background":true},{"v":{"$numberInt":"2"},"key":{"NguoiThamGia.NhanVienID":{"$numberInt":"1"}},"name":"NguoiThamGia.NhanVienID_1","background":true},{"v":{"$numberInt":"2"},"key":{"NguoiChinhID":{"$numberInt":"1"}},"name":"NguoiChinhID_1","background":true},{"v":{"$numberInt":"2"},"key":{"MucDoUuTien":{"$numberInt":"1"}},"name":"MucDoUuTien_1","background":true},{"v":{"$numberInt":"2"},"key":{"NgayHetHan":{"$numberInt":"1"}},"name":"NgayHetHan_1","background":true},{"v":{"$numberInt":"2"},"key":{"TrangThai":{"$numberInt":"1"}},"name":"TrangThai_1","background":true},{"v":{"$numberInt":"2"},"key":{"CongViecChaID":{"$numberInt":"1"}},"name":"CongViecChaID_1","background":true},{"v":{"$numberInt":"2"},"key":{"isDeleted":{"$numberInt":"1"}},"name":"isDeleted_1","background":true},{"v":{"$numberInt":"2"},"key":{"TrangThai":{"$numberInt":"1"},"NgayHetHan":{"$numberInt":"1"}},"name":"TrangThai_1_NgayHetHan_1","background":true},{"v":{"$numberInt":"2"},"key":{"NhomViecUserID":{"$numberInt":"1"}},"name":"NhomViecUserID_1","background":true},{"v":{"$numberInt":"2"},"key":{"MaCongViec":{"$numberInt":"1"}},"name":"MaCongViec_1","background":true,"unique":true,"sparse":true},{"v":{"$numberInt":"2"},"key":{"SoThuTu":{"$numberInt":"1"}},"name":"SoThuTu_1","background":true},{"v":{"$numberInt":"2"},"key":{"SoThuTu":{"$numberInt":"-1"}},"name":"SoThuTu_-1","background":true},{"v":{"$numberInt":"2"},"key":{"NgayGiaoViec":{"$numberInt":"1"}},"name":"NgayGiaoViec_1","background":true},{"v":{"$numberInt":"2"},"key":{"NgayCanhBao":{"$numberInt":"1"}},"name":"NgayCanhBao_1","background":true},{"v":{"$numberInt":"2"},"key":{"CoDuyetHoanThanh":{"$numberInt":"1"}},"name":"CoDuyetHoanThanh_1","background":true},{"v":{"$numberInt":"2"},"key":{"TrangThai":{"$numberInt":"1"},"NgayCanhBao":{"$numberInt":"1"}},"name":"TrangThai_1_NgayCanhBao_1","background":true},{"v":{"$numberInt":"2"},"key":{"CoDuyetHoanThanh":{"$numberInt":"1"},"TrangThai":{"$numberInt":"1"}},"name":"CoDuyetHoanThanh_1_TrangThai_1","background":true},{"v":{"$numberInt":"2"},"key":{"NhiemVuThuongQuyID":{"$numberInt":"1"}},"name":"NhiemVuThuongQuyID_1","background":true},{"v":{"$numberInt":"2"},"key":{"FlagNVTQKhac":{"$numberInt":"1"}},"name":"FlagNVTQKhac_1","background":true},{"v":{"$numberInt":"2"},"key":{"Depth":{"$numberInt":"1"}},"name":"Depth_1","background":true}],"uuid":"ac7cf6cd582d4409b13d48b08cf11819","collectionName":"congviec","type":"collection"}