{"indexes":[{"v":{"$numberInt":"2"},"key":{"_id":{"$numberInt":"1"}},"name":"_id_"},{"v":{"$numberInt":"2"},"key":{"CongViecID":{"$numberInt":"1"},"NgayBinhLuan":{"$numberInt":"-1"}},"name":"CongViecID_1_NgayBinhLuan_-1","background":true},{"v":{"$numberInt":"2"},"key":{"YeuCauHoTroID":{"$numberInt":"1"},"NgayBinhLuan":{"$numberInt":"-1"}},"name":"YeuCauHoTroID_1_NgayBinhLuan_-1","background":true},{"v":{"$numberInt":"2"},"key":{"NguoiBinhLuanID":{"$numberInt":"1"}},"name":"NguoiBinhLuanID_1","background":true},{"v":{"$numberInt":"2"},"key":{"BinhLuanChaID":{"$numberInt":"1"}},"name":"BinhLuanChaID_1","background":true},{"v":{"$numberInt":"2"},"key":{"TrangThai":{"$numberInt":"1"}},"name":"TrangThai_1","background":true}],"uuid":"e18c0628850e45e9878d995c40e21afa","collectionName":"binhluan","type":"collection"}