{"indexes":[{"v":{"$numberInt":"2"},"key":{"_id":{"$numberInt":"1"}},"name":"_id_"},{"v":{"$numberInt":"2"},"key":{"NguoiTaoID":{"$numberInt":"1"},"TrangThaiHoatDong":{"$numberInt":"1"}},"name":"NguoiTaoID_1_TrangThaiHoatDong_1","background":true},{"v":{"$numberInt":"2"},"key":{"KhoaID":{"$numberInt":"1"},"TrangThaiHoatDong":{"$numberInt":"1"}},"name":"KhoaID_1_TrangThaiHoatDong_1","background":true},{"v":{"$numberInt":"2"},"key":{"NguoiTaoID":{"$numberInt":"1"},"KhoaID":{"$numberInt":"1"}},"name":"NguoiTaoID_1_KhoaID_1","background":true},{"v":{"$numberInt":"2"},"key":{"ThuTu":{"$numberInt":"1"}},"name":"ThuTu_1","background":true},{"v":{"$numberInt":"2"},"key":{"LaChiaSe":{"$numberInt":"1"}},"name":"LaChiaSe_1","background":true},{"v":{"$numberInt":"2"},"key":{"isDeleted":{"$numberInt":"1"}},"name":"isDeleted_1","background":true},{"v":{"$numberInt":"2"},"key":{"isDeleted":{"$numberInt":"1"},"TrangThaiHoatDong":{"$numberInt":"1"}},"name":"isDeleted_1_TrangThaiHoatDong_1","background":true}],"uuid":"77141e233b6f485abca6f62c661ac7a8","collectionName":"nhomviecuser","type":"collection"}