{"indexes":[{"v":{"$numberInt":"2"},"key":{"_id":{"$numberInt":"1"}},"name":"_id_"},{"v":{"$numberInt":"2"},"key":{"TenNhiemVu":{"$numberInt":"1"}},"name":"TenNhiemVu_1","background":true},{"v":{"$numberInt":"2"},"key":{"KhoaID":{"$numberInt":"1"}},"name":"KhoaID_1","background":true},{"v":{"$numberInt":"2"},"key":{"TrangThaiHoatDong":{"$numberInt":"1"}},"name":"TrangThaiHoatDong_1","background":true},{"v":{"$numberInt":"2"},"key":{"isDeleted":{"$numberInt":"1"}},"name":"isDeleted_1","background":true},{"v":{"$numberInt":"2"},"key":{"KhoaID":{"$numberInt":"1"},"TrangThaiHoatDong":{"$numberInt":"1"},"isDeleted":{"$numberInt":"1"}},"name":"KhoaID_1_TrangThaiHoatDong_1_isDeleted_1","background":true},{"v":{"$numberInt":"2"},"key":{"MucDoKho":{"$numberInt":"1"}},"name":"MucDoKho_1","background":true},{"v":{"$numberInt":"2"},"key":{"PhongBanID":{"$numberInt":"1"}},"name":"PhongBanID_1","background":true},{"v":{"$numberInt":"2"},"key":{"PhongBanID":{"$numberInt":"1"},"TrangThaiHoatDong":{"$numberInt":"1"},"isDeleted":{"$numberInt":"1"}},"name":"PhongBanID_1_TrangThaiHoatDong_1_isDeleted_1","background":true}],"uuid":"3ad09667317b4606951c870e870aec7f","collectionName":"nhiemvuthuongquy","type":"collection"}