{"indexes":[{"v":{"$numberInt":"2"},"key":{"_id":{"$numberInt":"1"}},"name":"_id_"},{"v":{"$numberInt":"2"},"key":{"MaPhongBan":{"$numberInt":"1"}},"name":"MaPhongBan_1","background":true,"unique":true},{"v":{"$numberInt":"2"},"key":{"TenPhongBan":{"$numberInt":"1"}},"name":"TenPhongBan_1","background":true},{"v":{"$numberInt":"2"},"key":{"PhongBanChaID":{"$numberInt":"1"}},"name":"PhongBanChaID_1","background":true},{"v":{"$numberInt":"2"},"key":{"TruongPhongID":{"$numberInt":"1"}},"name":"TruongPhongID_1","background":true},{"v":{"$numberInt":"2"},"key":{"TrangThaiHoatDong":{"$numberInt":"1"}},"name":"TrangThaiHoatDong_1","background":true}],"uuid":"4da722d6d7ad4d2f8f35510807e8e8ee","collectionName":"phongban","type":"collection"}