{"indexes":[{"v":{"$numberInt":"2"},"key":{"_id":{"$numberInt":"1"}},"name":"_id_"},{"v":{"$numberInt":"2"},"key":{"MaNhanVien":{"$numberInt":"1"}},"name":"MaNhanVien_1","background":true,"unique":true},{"v":{"$numberInt":"2"},"key":{"Email":{"$numberInt":"1"}},"name":"Email_1","background":true,"unique":true},{"v":{"$numberInt":"2"},"key":{"HoTen":{"$numberInt":"1"}},"name":"HoTen_1","background":true},{"v":{"$numberInt":"2"},"key":{"PhongBanID":{"$numberInt":"1"}},"name":"PhongBanID_1","background":true},{"v":{"$numberInt":"2"},"key":{"QuanLyTrucTiepID":{"$numberInt":"1"}},"name":"QuanLyTrucTiepID_1","background":true},{"v":{"$numberInt":"2"},"key":{"TrangThai":{"$numberInt":"1"}},"name":"TrangThai_1","background":true},{"v":{"$numberInt":"2"},"key":{"CapBac":{"$numberInt":"1"}},"name":"CapBac_1","background":true},{"v":{"$numberInt":"2"},"key":{"isDeleted":{"$numberInt":"1"}},"name":"isDeleted_1","background":true},{"v":{"$numberInt":"2"},"key":{"TrangThai":{"$numberInt":"1"},"isDeleted":{"$numberInt":"1"}},"name":"TrangThai_1_isDeleted_1","background":true},{"v":{"$numberInt":"2"},"key":{"PhongBanID":{"$numberInt":"1"},"isDeleted":{"$numberInt":"1"}},"name":"PhongBanID_1_isDeleted_1","background":true}],"uuid":"f7975d79fd18454fa0df82682317a0b6","collectionName":"nhanvienquanly","type":"collection"}