{"indexes":[{"v":{"$numberInt":"2"},"key":{"_id":{"$numberInt":"1"}},"name":"_id_"},{"v":{"$numberInt":"2"},"key":{"NhanVienID":{"$numberInt":"1"},"NhiemVuThuongQuyID":{"$numberInt":"1"}},"name":"NhanVienID_1_NhiemVuThuongQuyID_1","background":true,"unique":true},{"v":{"$numberInt":"2"},"key":{"NhanVienID":{"$numberInt":"1"}},"name":"NhanVienID_1","background":true},{"v":{"$numberInt":"2"},"key":{"NhiemVuThuongQuyID":{"$numberInt":"1"}},"name":"NhiemVuThuongQuyID_1","background":true},{"v":{"$numberInt":"2"},"key":{"TrangThaiHoatDong":{"$numberInt":"1"}},"name":"TrangThaiHoatDong_1","background":true},{"v":{"$numberInt":"2"},"key":{"isDeleted":{"$numberInt":"1"}},"name":"isDeleted_1","background":true},{"v":{"$numberInt":"2"},"key":{"NhanVienID":{"$numberInt":"1"},"TrangThaiHoatDong":{"$numberInt":"1"},"isDeleted":{"$numberInt":"1"}},"name":"NhanVienID_1_TrangThaiHoatDong_1_isDeleted_1","background":true},{"v":{"$numberInt":"2"},"key":{"NgayGan":{"$numberInt":"-1"}},"name":"NgayGan_-1","background":true}],"uuid":"2bf49ab576a448e4a886eec44b44c487","collectionName":"nhanviennhiemvu","type":"collection"}